{
  "kind": "collectionType",
  "collectionName": "categories",
  "info": {
    "displayName": "Category",
    "singularName": "category",
    "pluralName": "categories",
    "description": "",
    "name": "Category"
  },
  "options": {
    "draftAndPublish": true,
    "comment": ""
  },
  "pluginOptions": {
    "i18n": {
      "localized": true
    }
  },
  "attributes": {
    "name": {
      "type": "string",
      "pluginOptions": {
        "i18n": {
          "localized": true
        }
      }
    },
    "addresses": {
      "type": "relation",
      "relation": "manyToMany",
      "target": "api::address.address",
      "mappedBy": "categories"
    },
    "temps": {
      "type": "relation",
      "relation": "manyToMany",
      "target": "api::temp.temp",
      "mappedBy": "categories"
    },
    "datetime": {
      "pluginOptions": {
        "i18n": {
          "localized": true
        }
      },
      "type": "datetime"
    },
    "date": {
      "pluginOptions": {
        "i18n": {
          "localized": true
        }
      },
      "type": "date"
    }
  }
}
