{
  "kind": "collectionType",
  "collectionName": "likes",
  "info": {
    "displayName": "Like",
    "singularName": "like",
    "pluralName": "likes",
    "description": ""
  },
  "options": {
    "draftAndPublish": false,
    "comment": ""
  },
  "attributes": {
    "author": {
      "type": "relation",
      "relation": "oneToOne",
      "target": "plugin::users-permissions.user"
    },
    "review": {
      "type": "relation",
      "relation": "manyToOne",
      "target": "api::review.review",
      "inversedBy": "likes"
    }
  }
}
